[
  {
    "rnum": "1",
    "rank": "1",
    "rankInten": "0",
    "rankOldAndNew": "OLD",
    "movieCd": "20226411",
    "movieNm": "범죄도시3",
    "openDt": "2023-05-31",
    "salesAmt": "765944334",
    "salesShare": "43.7",
    "salesInten": "-73226011",
    "salesChange": "-8.7",
    "salesAcc": "89930141435",
    "audiCnt": "78646",
    "audiInten": "-7744",
    "audiChange": "-9",
    "audiAcc": "9077544",
    "scrnCnt": "1351",
    "showCnt": "6633",
    "imageURL": "https://t1.daumcdn.net/movie/b05fec37909f3c46d8ada73ba1d2bc2f8868e869",
    "agelimit": "https://img.megabox.co.kr/static/pc/images/common/txt/15_46x46.png",
    "islike": false,
    "likeCnt": 53011,
    "isScreening": "현재상영작",
    "isImax": false,
    "running": "1시간 45분",
    "age": "15+",
    "genre": "범죄",
    "actor": "마동석, 이준혁",
    "titleFont": "https://i.namu.wiki/i/v69pOD91LIYVTu74i6gJ4Wd94bnKHD3GqjN26fw9TfhOsFR4LUob4x5pvKrgq0DyAvPZrmDulDikBYsgC0x3blrZjxalVxqK_Ts6CTjWr1IiQbAcICPNk0VuSF6Fz19XWWnFoUH5Xd1n6lIQY2zaZA.webp",
    "videoKey": "ysW2FxaFOkI",
    "story": "대체불가 괴물형사 마석도, 서울 광수대로 발탁! 베트남 납치 살해범 검거 후 7년 뒤, ‘마석도’(마동석)는 새로운 팀원들과 함께 살인사건을 조사한다. 사건 조사 중, ‘마석도’는 신종 마약 사건이 연루되었음을 알게 되고 수사를 확대한다. 한편, 마약..."
  },
  {
    "rnum": "2",
    "rank": "2",
    "rankInten": "0",
    "rankOldAndNew": "OLD",
    "movieCd": "20228930",
    "movieNm": "엘리멘탈",
    "openDt": "2023-06-14",
    "salesAmt": "542744751",
    "salesShare": "30.9",
    "salesInten": "29552970",
    "salesChange": "5.8",
    "salesAcc": "6190129718",
    "audiCnt": "55730",
    "audiInten": "3330",
    "audiChange": "6.4",
    "audiAcc": "624167",
    "scrnCnt": "1043",
    "showCnt": "3864",
    "imageURL": "https://t1.daumcdn.net/movie/e4ce2c6ae33edb0ef32d5614b367f85c10a7316c",
    "agelimit": "https://img.megabox.co.kr/static/pc/images/common/txt/ALL_46x46.png",
    "islike": false,
    "likeCnt": 21200,
    "isScreening": "현재상영작",
    "isImax": true,
    "running": "1시간 33분",
    "age": " ALL ",
    "genre": "애니메이션/모험/판타지",
    "actor": "마무두 아티(성우), 레아 루이스(성우)",
    "titleFont": "./images/Elemental_logo.png",
    "videoKey": "BOqFRHCrN-k",
    "story": "디즈니·픽사의 놀라운 상상력!  올여름, 세상이 살아 숨 쉰다  불, 물, 공기, 흙 4개의 원소들이 살고 있는 ‘엘리멘트 시티’. 재치 있고 불처럼 열정 넘치는 ‘앰버'는 어느 날 우연히 유쾌하고 감성적이며 물 흐르듯 사는 '웨이드'를 만나 특별한 우정을..."
  },
  {
    "rnum": "3",
    "rank": "3",
    "rankInten": "0",
    "rankOldAndNew": "OLD",
    "movieCd": "20231971",
    "movieNm": "플래시",
    "openDt": "2023-06-14",
    "salesAmt": "246166077",
    "salesShare": "14.0",
    "salesInten": "-46238679",
    "salesChange": "-15.8",
    "salesAcc": "5120174767",
    "audiCnt": "23817",
    "audiInten": "-4515",
    "audiChange": "-15.9",
    "audiAcc": "479461",
    "scrnCnt": "1121",
    "showCnt": "3819",
    "imageURL": "https://t1.daumcdn.net/movie/947a0d62f2772aa0f5c73b86b631779ef1183879",
    "agelimit": "https://img.megabox.co.kr/static/pc/images/common/txt/12_46x46.png",
    "islike": false,
    "likeCnt": 72821,
    "isScreening": "현재상영작",
    "isImax": true,
    "running": "2시간 24분",
    "age": "12+",
    "genre": "액션/모험/판타지",
    "actor": "에즈라 밀러",
    "titleFont": "./images/Flash_logo.png",
    "videoKey": "fKuPDfWV3VI",
    "story": "시공간이 붕괴된 세계,  차원이 다른 히어로가 온다!   빛보다 빠른 스피드, 물체 투과, 전기 방출, 자체 회복, 천재적인 두뇌까지 갓벽한 능력을 자랑하지만 존재감은 제로, 저스티스 리그에서 궂은일을 도맡아 하는 히어로 ‘플래시’. 어느 날 자신에게 빛보다 빠른 속도로 달리면 시공간..."
  },
  {
    "rnum": "4",
    "rank": "4",
    "rankInten": "0",
    "rankOldAndNew": "OLD",
    "movieCd": "20232025",
    "movieNm": "트랜스포머: 비스트의 서막",
    "openDt": "2023-06-06",
    "salesAmt": "80833411",
    "salesShare": "4.6",
    "salesInten": "-801549",
    "salesChange": "-1",
    "salesAcc": "7455511380",
    "audiCnt": "8538",
    "audiInten": "213",
    "audiChange": "2.6",
    "audiAcc": "735784",
    "scrnCnt": "565",
    "showCnt": "1227",
    "imageURL": "https://t1.daumcdn.net/movie/69b2d6ef76c2c5b37b0641b187d1efd7f0636e41",
    "agelimit": "https://img.megabox.co.kr/static/pc/images/common/txt/12_46x46.png",
    "islike": false,
    "likeCnt": 16281,
    "isScreening": "상영예정작",
    "isImax": true,
    "running": "1시간 57분",
    "age": "15+",
    "genre": "모험/액션/SF",
    "actor": "앤서니 라모스, 도미닉 피시백",
    "titleFont": "./images/Trans_logo.png",
    "videoKey": "kVdDrJXaNK4",
    "story": "전 우주의 행성을 집어삼키는 절대자, ‘유니크론’의 부하 ‘스커지’는 ‘테러콘’들을 이끌고 지구에 당도한다. 그에 맞서기 위해 지구에 정체를 숨기고 있던 트랜스포머 ‘오토봇’ 군단이 모습을 드러내고 또 다른 트랜스포머 진영인 ‘맥시멀’과 힘을 합친다. 옵티머스 프라임이 이끄는 ‘오토봇’..."
  },
  {
    "rnum": "5",
    "rank": "5",
    "rankInten": "0",
    "rankOldAndNew": "OLD",
    "movieCd": "20231496",
    "movieNm": "가디언즈 오브 갤럭시: Volume 3",
    "openDt": "2023-05-03",
    "salesAmt": "30187037",
    "salesShare": "1.7",
    "salesInten": "2926474",
    "salesChange": "10.7",
    "salesAcc": "44213291425",
    "audiCnt": "2983",
    "audiInten": "262",
    "audiChange": "9.6",
    "audiAcc": "4195164",
    "scrnCnt": "202",
    "showCnt": "266",
    "imageURL": "https://i.namu.wiki/i/4b6joRMtHEHt2DKa-o0wuk7mlAYzSS7J7mR-7W7M-yPALbK5dnKi4s9l05GZpFcHWtgMhubgKUfCnOJz7hAfxMFepWu9_PpOsAyWbJjS2yW3XEqLrvty9rbO4VRg2I9RRLL7IVCA9VesBDTxKVNuzw.webp",
    "agelimit": "https://img.megabox.co.kr/static/pc/images/common/txt/12_46x46.png",
    "islike": false,
    "likeCnt": 63932,
    "isScreening": "현재상영작",
    "isImax": true,
    "running": "2시간 30분",
    "age": "12+",
    "genre": "액션/모험/코미디",
    "actor": "크리스 프랫, 조 샐다나, 데이브 바티스타, 빈 디젤, 브래들리 쿠퍼, 카렌 길런, 폼 클레멘티에프",
    "titleFont": "./images/gidens_logo.png",
    "videoKey": "XyHr-s3MfCQ",
    "story": "‘가모라’를 잃고 슬픔에 빠져 있던 ‘피터 퀼’이 위기에 처한 은하계와 동료를 지키기 위해 다시 한번 가디언즈 팀과 힘을 모으고, 성공하지 못할 경우 그들의 마지막이 될지도 모르는 미션에 나서는 이야기"
  },
  {
    "rnum": "6",
    "rank": "6",
    "rankInten": "1",
    "rankOldAndNew": "OLD",
    "movieCd": "20231677",
    "movieNm": "남은 인생 10년",
    "openDt": "2023-05-24",
    "salesAmt": "11186100",
    "salesShare": "0.6",
    "salesInten": "1035600",
    "salesChange": "10.2",
    "salesAcc": "1365391300",
    "audiCnt": "1073",
    "audiInten": "37",
    "audiChange": "3.6",
    "audiAcc": "127327",
    "scrnCnt": "56",
    "showCnt": "96",
    "imageURL": "https://t1.daumcdn.net/movie/0df0e75760a60ae1d17cee78a3294770b54f03c4",
    "agelimit": "https://img.megabox.co.kr/static/pc/images/common/txt/12_46x46.png",
    "islike": false,
    "likeCnt": 12011,
    "isScreening": "상영예정작",
    "isImax": false,
    "running": "2시간 4분",
    "age": "12+",
    "genre": "드라마/로맨스",
    "actor": "고마츠 나나, 사카구치 켄타로",
    "titleFont": "https://i.namu.wiki/i/ULT09ibcgbwjszd5yYVBqkvNJdmW-Z2n4ETk_-auR34OR9X2sSj3no7_1eQgHBvimbhXBMQsDJMTeASp8Dwo2Q.webp",
    "videoKey": "tu4TyftCqw8",
    "story": "스무 살이 되던 해, 수 만명 중 1명이 걸리는 난치병으로 10년의 삶을 선고받은 ‘마츠리’는 삶의 의지를 잃은 ‘카즈토’를 만나 사랑에 빠진다. 처음 만난 봄, 즐거운 여름, 아름답던 가을, 깊어진 겨울까지 하루하루 애틋하게 사랑한 두 사람 하지만 쌓..."
  },
  {
    "rnum": "7",
    "rank": "7",
    "rankInten": "3",
    "rankOldAndNew": "OLD",
    "movieCd": "20231592",
    "movieNm": "분노의 질주: 라이드 오어 다이",
    "openDt": "2023-05-17",
    "salesAmt": "6893618",
    "salesShare": "0.4",
    "salesInten": "1656738",
    "salesChange": "31.6",
    "salesAcc": "18453343152",
    "audiCnt": "711",
    "audiInten": "161",
    "audiChange": "29.3",
    "audiAcc": "1771326",
    "scrnCnt": "68",
    "showCnt": "88",
    "imageURL": "https://t1.daumcdn.net/movie/6fed61e73b455aba36c3c4b434b6fafe2944e698",
    "agelimit": "https://img.megabox.co.kr/static/pc/images/common/txt/15_46x46.png",
    "islike": false,
    "likeCnt": 21002,
    "isScreening": "상영예정작",
    "isImax": true,
    "running": "2시간 21분",
    "age": "15+",
    "genre": "액션/범죄/스릴러 ",
    "actor": "빈 디젤, 존 시나, 제이슨 스타뎀, 제이슨 모모아, 미셸 로드리게즈, 브리 라슨, 샤를리즈 테론, 타이레스 깁슨, 루다크리스, 나탈리 엠마뉴엘",
    "titleFont": "./images/run_logo.png",
    "videoKey": "zmNRHgRG3lo",
    "story": "아무리 빨리 달려도 과거를 앞지를 순 없다  돔(빈 디젤)과 그의 패밀리 앞에 나타난 운명의 적 단테(제이슨 모모아). 과거의 그림자는 돔의 모든 것을 파괴하기 위해 달려온다. 단테에 의해 산산히 흩어진 패밀리들은 모두 목숨을 걸고 맞서야 ..."
  },
  {
    "rnum": "8",
    "rank": "8",
    "rankInten": "0",
    "rankOldAndNew": "OLD",
    "movieCd": "20231839",
    "movieNm": "인어공주",
    "openDt": "2023-05-24",
    "salesAmt": "6634077",
    "salesShare": "0.4",
    "salesInten": "-584734",
    "salesChange": "-8.1",
    "salesAcc": "6635969409",
    "audiCnt": "678",
    "audiInten": "-43",
    "audiChange": "-6",
    "audiAcc": "644412",
    "scrnCnt": "72",
    "showCnt": "89",
    "imageURL": "https://i.namu.wiki/i/9cjOxIt2EbYHe-cCRoZXLYInuvHcasXl_RNg5yyILSXcdWYnFNVRd1oOkHC535AyTVtOiA37ved8lGfmb78r1g9ffxqZX-KTGNOH2b70xJxnKdTU8_YvkQk8e0Nq7dnhkoF5oJTtOrLhqjtV5yUVDQ.webp",
    "agelimit": "https://img.megabox.co.kr/static/pc/images/common/txt/ALL_46x46.png",
    "islike": false,
    "likeCnt": 8065,
    "isScreening": "현재상영작",
    "isImax": true,
    "running": "2시간 15분",
    "age": " ALL ",
    "genre": "모험/판타지/뮤지컬",
    "actor": "할리 베일리",
    "titleFont": "./images/marin_logo.png",
    "videoKey": "BNQMx5gy5Xg",
    "story": "“내 안의 목소리를  따라자유롭게 꿈꾸고 사랑할 거야” 아틀란티카 바다의 왕 ‘트라이튼’의 사랑스러운 막내딸인 인어 ‘에리얼’은 늘 인간들이 사는 바다 너머 세상으로의 모험을 꿈꾼다. 어느 날, 우연히 바다 위로 올라갔다가 폭풍우 속 가..."
  },
  {
    "rnum": "9",
    "rank": "9",
    "rankInten": "2",
    "rankOldAndNew": "OLD",
    "movieCd": "20239611",
    "movieNm": "너의 눈을 들여다보면",
    "openDt": "2023-06-14",
    "salesAmt": "5263300",
    "salesShare": "0.3",
    "salesInten": "1212595",
    "salesChange": "29.9",
    "salesAcc": "72411533",
    "audiCnt": "602",
    "audiInten": "137",
    "audiChange": "29.5",
    "audiAcc": "7283",
    "scrnCnt": "61",
    "showCnt": "76",
    "imageURL": "https://t1.daumcdn.net/movie/db4c63878196d7f0c5bcad7b8d55b76e9f1661d8",
    "agelimit": "https://img.megabox.co.kr/static/pc/images/common/txt/ALL_46x46.png",
    "islike": false,
    "likeCnt": 6235,
    "isScreening": "특별상영",
    "isImax": false,
    "running": "1시간 39분",
    "age": " ALL ",
    "genre": "드라마",
    "actor": "키시이 유키노, 미우라 마사키, 마츠우라 신이치로",
    "titleFont": "https://hk-clean.co.kr/images/no_image.jpg",
    "videoKey": "0HKKOjv7b3s",
    "story": "선천적 청각장애로 양쪽 귀가 들리지 않는 프로 복서 케이코. 재개발이 진행되고 있는 도쿄 도심의 작은 복싱 체육관에서 훈련을 거듭하며 다음 시합을 준비한다. 끊이지 않는 고민과 말로 표현할 수 없는 생각들이 마음에 쌓여만 가고, 체육관 회장에게 당분간 쉬고 싶다는 편지를 썼..."
  },
  {
    "rnum": "10",
    "rank": "10",
    "rankInten": "5",
    "rankOldAndNew": "OLD",
    "movieCd": "20226270",
    "movieNm": "스즈메의 문단속",
    "openDt": "2023-03-08",
    "salesAmt": "4277766",
    "salesShare": "0.2",
    "salesInten": "1191644",
    "salesChange": "38.6",
    "salesAcc": "56759637320",
    "audiCnt": "441",
    "audiInten": "126",
    "audiChange": "40",
    "audiAcc": "5535431",
    "scrnCnt": "37",
    "showCnt": "43",
    "imageURL": "https://t1.daumcdn.net/movie/3a684ccaeb7aeac8e3f060ffe7249f7fe039443a",
    "agelimit": "https://img.megabox.co.kr/static/pc/images/common/txt/12_46x46.png",
    "islike": false,
    "likeCnt": 81537,
    "isScreening": "특별상영",
    "isImax": true,
    "running": "2시간 1분",
    "age": "12+",
    "genre": "애니메이션/모험/액션",
    "actor": "하라 나노카(성우), 마츠무라 호쿠토(성우)",
    "titleFont": "https://i.namu.wiki/i/2AAkNlU6Ha0_z2smJ3IiJDZwTO8rj-LsG3WVRgn21pond2ssZ2vsFuYwm4d9V3eXz7XOxWIrf2_uN3gaOqJKU7N48BvNXL4pLXn1Nydzcr-PsR8nBhm5MxUjmvieyfFiGbrYpJ0hW0fgn8e9eNoTlA.svg",
    "videoKey": "UUpk0wnNhtU",
    "story": "“이 근처에 폐허 없니? 문을 찾고 있어” 규슈의 한적한 마을에 살고 있는 소녀 ‘스즈메’는 문을 찾아 여행 중인 청년 ‘소타’를 만난다. 그의 뒤를 쫓아 산속 폐허에서 발견한 낡은 문. 스즈메가 무언가에 이끌리듯 문을 열자 마을에 재난의 위기가 닥쳐오고 가문 대대로 문 너머의 재난을 ..."
  }
]
